titre,numéro du tome,lien de l'image de couverture,auteur,dessinateur
Valkyrie Apocalypse,1,"https://m.media-amazon.com/images/I/71pgfXCtmPL._AC_UF1000,1000_QL80_.jpg",Shinya Umemura ,Ajichika 
Valkyrie Apocalypse,2,https://encrypted-tbn0.gstatic.com/images?q=tbn:ANd9GcQeE004cPNwyhIkgAKTR315LUTpTgIluA8QVU0NZ6gn9NugCW6OlLJ4JnA&s=10,Shinya Umemura ,Ajichika 
Valkyrie Apocalypse,3,https://static.fnac-static.com/multimedia/PE/Images/FR/NR/67/ea/ae/11463271/1507-1/tsp20260512081428/Valkyrie-Apocalypse-T03.jpg,Shinya Umemura ,Ajichika 
Valkyrie Apocalypse,4,https://static.fnac-static.com/multimedia/PE/Images/FR/NR/8b/b4/b4/11842699/1507-1/tsp20260424085530/Valkyrie-Apocalypse-T04.jpg,Shinya Umemura ,Ajichika 
Valkyrie Apocalypse,5,https://static.fnac-static.com/multimedia/PE/Images/FR/NR/f8/b4/b4/11842808/1507-1/tsp20260818085811/Valkyrie-Apocalypse-T05.jpg,Shinya Umemura ,Ajichika 
Valkyrie Apocalypse,6,https://static.fnac-static.com/multimedia/PE/Images/FR/NR/5e/18/bf/12523614/1507-1/tsp20260424085530/Valkyrie-Apocalypse-T06.jpg,Shinya Umemura ,Ajichika 
Valkyrie Apocalypse,7,https://static.fnac-static.com/multimedia/PE/Images/FR/NR/5b/cf/c2/12767067/1507-1/tsp20260424085530/Valkyrie-Apocalypse-T07.jpg,Shinya Umemura ,Ajichika 
Valkyrie Apocalypse,8,https://static.fnac-static.com/multimedia/PE/Images/FR/NR/48/62/cb/13328968/1507-1/tsp20260422091842/Valkyrie-Apocalypse-T08.jpg,Shinya Umemura ,Ajichika 
Valkyrie Apocalypse,9,https://static.fnac-static.com/multimedia/PE/Images/FR/NR/e6/e3/cf/13624294/1507-1/tsp20260424085902/Valkyrie-Apocalypse-T09.jpg,Shinya Umemura ,Ajichika 
Valkyrie Apocalypse,10,https://static.fnac-static.com/multimedia/PE/Images/FR/NR/5c/dd/d3/13884764/1507-1/tsp20260422094402/Valkyrie-Apocalypse-T10.jpg,Shinya Umemura ,Ajichika 
Valkyrie Apocalypse,11,https://static.fnac-static.com/multimedia/PE/Images/FR/NR/35/c8/d4/13944885/1507-1/tsp20260430083339/Valkyrie-Apocalypse-T11.jpg,Shinya Umemura ,Ajichika 
Valkyrie Apocalypse,12,https://static.fnac-static.com/multimedia/PE/Images/FR/NR/36/c8/d4/13944886/1507-1/tsp20260422092429/Valkyrie-Apocalypse-T12.jpg,Shinya Umemura ,Ajichika 
Valkyrie Apocalypse,13,https://static.fnac-static.com/multimedia/PE/Images/FR/NR/37/c8/d4/13944887/1507-1/tsp20260424090038/Valkyrie-Apocalypse-T13.jpg,Shinya Umemura ,Ajichika 
Valkyrie Apocalypse,14,https://static.fnac-static.com/multimedia/PE/Images/FR/NR/c5/6e/dd/14511813/1507-1/tsp20260424085544/Valkyrie-Apocalypse-T14.jpg,Shinya Umemura ,Ajichika 
Valkyrie Apocalypse,15,https://static.fnac-static.com/multimedia/PE/Images/FR/NR/09/c5/e1/14796041/1507-1/tsp20260424091956/Valkyrie-Apocalypse-T15.jpg,Shinya Umemura ,Ajichika 
Valkyrie Apocalypse,16,https://images.epagine.fr/266/9791032713266_1_75.jpg,Shinya Umemura ,Ajichika 
Valkyrie Apocalypse,17,https://images.epagine.fr/594/9791032713594_1_75.jpg,Shinya Umemura ,Ajichika 
Valkyrie Apocalypse,18,https://static.fnac-static.com/multimedia/PE/Images/FR/NR/a5/67/f6/16148389/1507-1/tsp20260422091842/Valkyrie-Apocalypse-T18.jpg,Shinya Umemura ,Ajichika 
Valkyrie Apocalypse,19,https://static.fnac-static.com/multimedia/PE/Images/FR/NR/6c/fe/fe/16711276/1507-1/tsp20260430085037/Valkyrie-Apocalypse-T19.jpg,Shinya Umemura ,Ajichika 
Valkyrie Apocalypse,20,https://static.fnac-static.com/multimedia/PE/Images/FR/NR/63/31/08/17314147/1507-1/tsp20260422092323/Valkyrie-Apocalypse-T20.jpg,Shinya Umemura ,Ajichika 
Valkyrie Apocalypse,21,https://static.fnac-static.com/multimedia/PE/Images/FR/NR/b8/fa/0f/17824440/1507-1/tsp20260424085550/Valkyrie-Apocalypse-T21.jpg,Shinya Umemura ,Ajichika 
Valkyrie Apocalypse,22,https://static.fnac-static.com/multimedia/PE/Images/FR/NR/fd/3a/18/18365181/1507-1/tsp20260512081428/Valkyrie-Apocalypse-T22.jpg,Shinya Umemura ,Ajichika 
Valkyrie Apocalypse,23,https://static.fnac-static.com/multimedia/PE/Images/FR/NR/fa/d7/1a/18536442/1507-1/tsp20260512083354/Valkyrie-Apocalypse-T23.jpg,Shinya Umemura ,Ajichika 
Valkyrie Apocalypse,24,https://static.fnac-static.com/multimedia/PE/Images/FR/NR/ec/af/20/18919404/1507-1/tsp20260512081428/Valkyrie-Apocalypse-T24.jpg,Shinya Umemura ,Ajichika 
